<?xml version="1.0" encoding="UTF-8"?>
<!-- Product Version: Vivado v2020.2 (64-bit)                     -->
<!--                                                              -->
<!-- Copyright 1986-2020 Xilinx, Inc. All Rights Reserved.        -->

<hwsession version="1" minor="2">
  <device name="xc7k325t_0" gui_info="dashboard1=hw_ila_1[xc7k325t_0/hw_ila_1/Settings=ILA_SETTINGS_1;xc7k325t_0/hw_ila_1/Trigger Setup=ILA_TRIGGER_1;xc7k325t_0/hw_ila_1/Waveform=ILA_WAVE_1;xc7k325t_0/hw_ila_1/Status=ILA_STATUS_1;xc7k325t_0/hw_ila_1/Capture Setup=ILA_CAPTURE_1;]"/>
  <ObjectList object_type="hw_cfgmem" gui_info="">
    <Object name="" gui_info="">
      <Properties Property="PROGRAM.ADDRESS_RANGE" value="use_file"/>
      <Properties Property="PROGRAM.BLANK_CHECK" value="0"/>
      <Properties Property="PROGRAM.BPI_RS_PINS" value="none"/>
      <Properties Property="PROGRAM.CFG_PROGRAM" value="1"/>
      <Properties Property="PROGRAM.CHECKSUM" value="0"/>
      <Properties Property="PROGRAM.ERASE" value="1"/>
      <Properties Property="PROGRAM.FILES" value="bbbb.mcs"/>
      <Properties Property="PROGRAM.PRM_FILE" value=""/>
      <Properties Property="PROGRAM.UNUSED_PIN_TERMINATION" value="pull-none"/>
      <Properties Property="PROGRAM.VERIFY" value="1"/>
    </Object>
  </ObjectList>
  <ObjectList object_type="hw_device" gui_info="">
    <Object name="xc7k325t_0" gui_info="">
      <Properties Property="FULL_PROBES.FILE" value="$_project_name_.runs/impl_1/ov4689_top_wrapper.ltx"/>
      <Properties Property="PROBES.FILE" value="$_project_name_.runs/impl_1/ov4689_top_wrapper.ltx"/>
      <Properties Property="PROGRAM.HW_BITSTREAM" value="$_project_name_.runs/impl_1/ov4689_top_wrapper.bit"/>
      <Properties Property="PROGRAM.HW_CFGMEM_PART" value=""/>
      <Properties Property="SLR.COUNT" value="1"/>
    </Object>
  </ObjectList>
  <ObjectList object_type="hw_ila" gui_info="">
    <Object name="" gui_info="">
      <Properties Property="CONTROL.TRIGGER_CONDITION" value="AND"/>
      <Properties Property="CORE_REFRESH_RATE_MS" value="500"/>
    </Object>
    <Object name="ov13850_top_i/camera_blk/csi_rx_4lane_0/inst/link/ila_debug" gui_info="">
      <Properties Property="CONTROL.TRIGGER_CONDITION" value="AND"/>
      <Properties Property="CONTROL.TRIGGER_POSITION" value="5"/>
      <Properties Property="CORE_REFRESH_RATE_MS" value="500"/>
    </Object>
    <Object name="ov13850_top_i/camera_blk/ila_0" gui_info="">
      <Properties Property="CONTROL.TRIGGER_CONDITION" value="AND"/>
      <Properties Property="CORE_REFRESH_RATE_MS" value="500"/>
    </Object>
    <Object name="ov4689_top_i/camera_blk/csi_rx_4lane_0/inst/link/debug_cam/debug_inst" gui_info="">
      <Properties Property="CONTROL.TRIGGER_CONDITION" value="AND"/>
      <Properties Property="CONTROL.TRIGGER_POSITION" value="4096"/>
      <Properties Property="CORE_REFRESH_RATE_MS" value="500"/>
    </Object>
    <Object name="ov4689_top_i/camera_blk/csi_rx_4lane_0/inst/link/ila_debug" gui_info="">
      <Properties Property="CONTROL.TRIGGER_CONDITION" value="AND"/>
      <Properties Property="CORE_REFRESH_RATE_MS" value="500"/>
    </Object>
    <Object name="u_ila_0" gui_info="">
      <Properties Property="CONTROL.TRIGGER_CONDITION" value="AND"/>
      <Properties Property="CORE_REFRESH_RATE_MS" value="500"/>
    </Object>
  </ObjectList>
  <ObjectList object_type="hw_probe" gui_info="">
    <Object name="ov13850_top_i/camera_blk/csi_rx_4lane_0/inst/link/deser_data[31:0]" gui_info="Trigger Setup=0"/>
    <Object name="ov13850_top_i/camera_blk/csi_rx_4lane_0/inst/link/word_data[31:0]" gui_info=""/>
    <Object name="ov13850_top_i/camera_blk/csi_rx_4lane_0/inst/link/word_valid" gui_info="Trigger Setup=0"/>
    <Object name="ov13850_top_i/camera_blk/csi_rx_4lane_0_video_data[19:0]" gui_info="Trigger Setup=0"/>
    <Object name="ov13850_top_i/camera_blk/csi_rx_4lane_0_video_vsync" gui_info=""/>
    <Object name="ov4689_top_i/camera_blk/csi_rx_4lane_0/inst/link/debug_cam/valid" gui_info="Trigger Setup=1"/>
    <Object name="ov4689_top_i/camera_blk/csi_rx_4lane_0/inst/link/debug_cam/word[31:0]" gui_info="Trigger Setup=0"/>
    <Object name="ov4689_top_i/camera_blk/csi_rx_4lane_0/inst/link/word_valid" gui_info="Trigger Setup=0"/>
  </ObjectList>
  <probeset name="hw project" active="false">
    <probe type="ila" busType="net" source="netlist" spec="ILA_V2_RT">
      <probeOptions Id="DebugProbeParams">
        <Option Id="CAPTURE_COMPARE_VALUE" value="eq3&apos;hX"/>
        <Option Id="COMPARE_VALUE.0" value="eq3&apos;hX"/>
        <Option Id="DISPLAY_AS_ENUM" value="1"/>
        <Option Id="DISPLAY_HINT" value=""/>
        <Option Id="DISPLAY_RADIX" value="HEX"/>
        <Option Id="DISPLAY_VISIBILITY" value=""/>
        <Option Id="HW_ILA" value="hw_ila_1"/>
        <Option Id="LINK_TO_WAVEFORM" value="1"/>
        <Option Id="MAP" value="probe1[2:0]"/>
        <Option Id="NAME.CUSTOM" value=""/>
        <Option Id="NAME.SELECT" value="Long"/>
        <Option Id="SOURCE" value="netlist"/>
        <Option Id="TRIGGER_COMPARE_VALUE" value="eq3&apos;hX"/>
        <Option Id="WAVEFORM_STYLE" value="Digital"/>
      </probeOptions>
      <nets>
        <net name="dbg_SM[2]"/>
        <net name="dbg_SM[1]"/>
        <net name="dbg_SM[0]"/>
      </nets>
    </probe>
    <probe type="ila" busType="net" source="netlist" spec="ILA_V2_RT">
      <probeOptions Id="DebugProbeParams">
        <Option Id="CAPTURE_COMPARE_VALUE" value="eq1&apos;bX"/>
        <Option Id="COMPARE_VALUE.0" value="eq1&apos;bX"/>
        <Option Id="DISPLAY_AS_ENUM" value="1"/>
        <Option Id="DISPLAY_HINT" value=""/>
        <Option Id="DISPLAY_RADIX" value="HEX"/>
        <Option Id="DISPLAY_VISIBILITY" value=""/>
        <Option Id="HW_ILA" value="hw_ila_1"/>
        <Option Id="LINK_TO_WAVEFORM" value="1"/>
        <Option Id="MAP" value="probe6[0]"/>
        <Option Id="NAME.CUSTOM" value=""/>
        <Option Id="NAME.SELECT" value="Long"/>
        <Option Id="SOURCE" value="netlist"/>
        <Option Id="TRIGGER_COMPARE_VALUE" value="eq1&apos;bX"/>
        <Option Id="WAVEFORM_STYLE" value="Digital"/>
      </probeOptions>
      <nets>
        <net name="dbg_app_reset"/>
      </nets>
    </probe>
    <probe type="ila" busType="net" source="netlist" spec="ILA_V2_RT">
      <probeOptions Id="DebugProbeParams">
        <Option Id="CAPTURE_COMPARE_VALUE" value="eq25&apos;hXXX_XXXX"/>
        <Option Id="COMPARE_VALUE.0" value="eq25&apos;hXXX_XXXX"/>
        <Option Id="DISPLAY_AS_ENUM" value="1"/>
        <Option Id="DISPLAY_HINT" value=""/>
        <Option Id="DISPLAY_RADIX" value="HEX"/>
        <Option Id="DISPLAY_VISIBILITY" value=""/>
        <Option Id="HW_ILA" value="hw_ila_1"/>
        <Option Id="LINK_TO_WAVEFORM" value="1"/>
        <Option Id="MAP" value="probe2[24:0]"/>
        <Option Id="NAME.CUSTOM" value=""/>
        <Option Id="NAME.SELECT" value="Long"/>
        <Option Id="SOURCE" value="netlist"/>
        <Option Id="TRIGGER_COMPARE_VALUE" value="eq25&apos;hXXX_XXXX"/>
        <Option Id="WAVEFORM_STYLE" value="Digital"/>
      </probeOptions>
      <nets>
        <net name="dbg_error_cnt[24]"/>
        <net name="dbg_error_cnt[23]"/>
        <net name="dbg_error_cnt[22]"/>
        <net name="dbg_error_cnt[21]"/>
        <net name="dbg_error_cnt[20]"/>
        <net name="dbg_error_cnt[19]"/>
        <net name="dbg_error_cnt[18]"/>
        <net name="dbg_error_cnt[17]"/>
        <net name="dbg_error_cnt[16]"/>
        <net name="dbg_error_cnt[15]"/>
        <net name="dbg_error_cnt[14]"/>
        <net name="dbg_error_cnt[13]"/>
        <net name="dbg_error_cnt[12]"/>
        <net name="dbg_error_cnt[11]"/>
        <net name="dbg_error_cnt[10]"/>
        <net name="dbg_error_cnt[9]"/>
        <net name="dbg_error_cnt[8]"/>
        <net name="dbg_error_cnt[7]"/>
        <net name="dbg_error_cnt[6]"/>
        <net name="dbg_error_cnt[5]"/>
        <net name="dbg_error_cnt[4]"/>
        <net name="dbg_error_cnt[3]"/>
        <net name="dbg_error_cnt[2]"/>
        <net name="dbg_error_cnt[1]"/>
        <net name="dbg_error_cnt[0]"/>
      </nets>
    </probe>
    <probe type="ila" busType="net" source="netlist" spec="ILA_V2_RT">
      <probeOptions Id="DebugProbeParams">
        <Option Id="CAPTURE_COMPARE_VALUE" value="eq1&apos;bX"/>
        <Option Id="COMPARE_VALUE.0" value="eq1&apos;bX"/>
        <Option Id="DISPLAY_AS_ENUM" value="1"/>
        <Option Id="DISPLAY_HINT" value=""/>
        <Option Id="DISPLAY_RADIX" value="HEX"/>
        <Option Id="DISPLAY_VISIBILITY" value=""/>
        <Option Id="HW_ILA" value="hw_ila_1"/>
        <Option Id="LINK_TO_WAVEFORM" value="1"/>
        <Option Id="MAP" value="probe7[0]"/>
        <Option Id="NAME.CUSTOM" value=""/>
        <Option Id="NAME.SELECT" value="Long"/>
        <Option Id="SOURCE" value="netlist"/>
        <Option Id="TRIGGER_COMPARE_VALUE" value="eq1&apos;bX"/>
        <Option Id="WAVEFORM_STYLE" value="Digital"/>
      </probeOptions>
      <nets>
        <net name="dbg_init_calib_complete"/>
      </nets>
    </probe>
    <probe type="ila" busType="net" source="netlist" spec="ILA_V2_RT">
      <probeOptions Id="DebugProbeParams">
        <Option Id="CAPTURE_COMPARE_VALUE" value="eq1&apos;bX"/>
        <Option Id="COMPARE_VALUE.0" value="eq1&apos;bX"/>
        <Option Id="DISPLAY_AS_ENUM" value="1"/>
        <Option Id="DISPLAY_HINT" value=""/>
        <Option Id="DISPLAY_RADIX" value="HEX"/>
        <Option Id="DISPLAY_VISIBILITY" value=""/>
        <Option Id="HW_ILA" value="hw_ila_1"/>
        <Option Id="LINK_TO_WAVEFORM" value="1"/>
        <Option Id="MAP" value="probe8[0]"/>
        <Option Id="NAME.CUSTOM" value=""/>
        <Option Id="NAME.SELECT" value="Long"/>
        <Option Id="SOURCE" value="netlist"/>
        <Option Id="TRIGGER_COMPARE_VALUE" value="eq1&apos;bX"/>
        <Option Id="WAVEFORM_STYLE" value="Digital"/>
      </probeOptions>
      <nets>
        <net name="dbg_mmcm_locked"/>
      </nets>
    </probe>
    <probe type="ila" busType="net" source="netlist" spec="ILA_V2_RT">
      <probeOptions Id="DebugProbeParams">
        <Option Id="CAPTURE_COMPARE_VALUE" value="eq30&apos;hXXXX_XXXX"/>
        <Option Id="COMPARE_VALUE.0" value="eq30&apos;hXXXX_XXXX"/>
        <Option Id="DISPLAY_AS_ENUM" value="1"/>
        <Option Id="DISPLAY_HINT" value=""/>
        <Option Id="DISPLAY_RADIX" value="HEX"/>
        <Option Id="DISPLAY_VISIBILITY" value=""/>
        <Option Id="HW_ILA" value="hw_ila_1"/>
        <Option Id="LINK_TO_WAVEFORM" value="1"/>
        <Option Id="MAP" value="probe0[29:0]"/>
        <Option Id="NAME.CUSTOM" value=""/>
        <Option Id="NAME.SELECT" value="Long"/>
        <Option Id="SOURCE" value="netlist"/>
        <Option Id="TRIGGER_COMPARE_VALUE" value="eq30&apos;hXXXX_XXXX"/>
        <Option Id="WAVEFORM_STYLE" value="Digital"/>
      </probeOptions>
      <nets>
        <net name="dbg_s_axi_araddr[29]"/>
        <net name="dbg_s_axi_araddr[28]"/>
        <net name="dbg_s_axi_araddr[27]"/>
        <net name="dbg_s_axi_araddr[26]"/>
        <net name="dbg_s_axi_araddr[25]"/>
        <net name="dbg_s_axi_araddr[24]"/>
        <net name="dbg_s_axi_araddr[23]"/>
        <net name="dbg_s_axi_araddr[22]"/>
        <net name="dbg_s_axi_araddr[21]"/>
        <net name="dbg_s_axi_araddr[20]"/>
        <net name="dbg_s_axi_araddr[19]"/>
        <net name="dbg_s_axi_araddr[18]"/>
        <net name="dbg_s_axi_araddr[17]"/>
        <net name="dbg_s_axi_araddr[16]"/>
        <net name="dbg_s_axi_araddr[15]"/>
        <net name="dbg_s_axi_araddr[14]"/>
        <net name="dbg_s_axi_araddr[13]"/>
        <net name="dbg_s_axi_araddr[12]"/>
        <net name="dbg_s_axi_araddr[11]"/>
        <net name="dbg_s_axi_araddr[10]"/>
        <net name="dbg_s_axi_araddr[9]"/>
        <net name="dbg_s_axi_araddr[8]"/>
        <net name="dbg_s_axi_araddr[7]"/>
        <net name="dbg_s_axi_araddr[6]"/>
        <net name="dbg_s_axi_araddr[5]"/>
        <net name="dbg_s_axi_araddr[4]"/>
        <net name="dbg_s_axi_araddr[3]"/>
        <net name="dbg_s_axi_araddr[2]"/>
        <net name="dbg_s_axi_araddr[1]"/>
        <net name="dbg_s_axi_araddr[0]"/>
      </nets>
    </probe>
    <probe type="ila" busType="net" source="netlist" spec="ILA_V2_RT">
      <probeOptions Id="DebugProbeParams">
        <Option Id="CAPTURE_COMPARE_VALUE" value="eq1&apos;bX"/>
        <Option Id="COMPARE_VALUE.0" value="eq1&apos;bX"/>
        <Option Id="DISPLAY_AS_ENUM" value="1"/>
        <Option Id="DISPLAY_HINT" value=""/>
        <Option Id="DISPLAY_RADIX" value="HEX"/>
        <Option Id="DISPLAY_VISIBILITY" value=""/>
        <Option Id="HW_ILA" value="hw_ila_1"/>
        <Option Id="LINK_TO_WAVEFORM" value="1"/>
        <Option Id="MAP" value="probe9[0]"/>
        <Option Id="NAME.CUSTOM" value=""/>
        <Option Id="NAME.SELECT" value="Long"/>
        <Option Id="SOURCE" value="netlist"/>
        <Option Id="TRIGGER_COMPARE_VALUE" value="eq1&apos;bX"/>
        <Option Id="WAVEFORM_STYLE" value="Digital"/>
      </probeOptions>
      <nets>
        <net name="dbg_s_axi_arready"/>
      </nets>
    </probe>
    <probe type="ila" busType="net" source="netlist" spec="ILA_V2_RT">
      <probeOptions Id="DebugProbeParams">
        <Option Id="CAPTURE_COMPARE_VALUE" value="eq1&apos;bX"/>
        <Option Id="COMPARE_VALUE.0" value="eq1&apos;bX"/>
        <Option Id="DISPLAY_AS_ENUM" value="1"/>
        <Option Id="DISPLAY_HINT" value=""/>
        <Option Id="DISPLAY_RADIX" value="HEX"/>
        <Option Id="DISPLAY_VISIBILITY" value=""/>
        <Option Id="HW_ILA" value="hw_ila_1"/>
        <Option Id="LINK_TO_WAVEFORM" value="1"/>
        <Option Id="MAP" value="probe10[0]"/>
        <Option Id="NAME.CUSTOM" value=""/>
        <Option Id="NAME.SELECT" value="Long"/>
        <Option Id="SOURCE" value="netlist"/>
        <Option Id="TRIGGER_COMPARE_VALUE" value="eq1&apos;bX"/>
        <Option Id="WAVEFORM_STYLE" value="Digital"/>
      </probeOptions>
      <nets>
        <net name="dbg_s_axi_arvalid"/>
      </nets>
    </probe>
    <probe type="ila" busType="net" source="netlist" spec="ILA_V2_RT">
      <probeOptions Id="DebugProbeParams">
        <Option Id="CAPTURE_COMPARE_VALUE" value="eq30&apos;hXXXX_XXXX"/>
        <Option Id="COMPARE_VALUE.0" value="eq30&apos;hXXXX_XXXX"/>
        <Option Id="DISPLAY_AS_ENUM" value="1"/>
        <Option Id="DISPLAY_HINT" value=""/>
        <Option Id="DISPLAY_RADIX" value="HEX"/>
        <Option Id="DISPLAY_VISIBILITY" value=""/>
        <Option Id="HW_ILA" value="hw_ila_1"/>
        <Option Id="LINK_TO_WAVEFORM" value="1"/>
        <Option Id="MAP" value="probe3[29:0]"/>
        <Option Id="NAME.CUSTOM" value=""/>
        <Option Id="NAME.SELECT" value="Long"/>
        <Option Id="SOURCE" value="netlist"/>
        <Option Id="TRIGGER_COMPARE_VALUE" value="eq30&apos;hXXXX_XXXX"/>
        <Option Id="WAVEFORM_STYLE" value="Digital"/>
      </probeOptions>
      <nets>
        <net name="dbg_s_axi_awaddr[29]"/>
        <net name="dbg_s_axi_awaddr[28]"/>
        <net name="dbg_s_axi_awaddr[27]"/>
        <net name="dbg_s_axi_awaddr[26]"/>
        <net name="dbg_s_axi_awaddr[25]"/>
        <net name="dbg_s_axi_awaddr[24]"/>
        <net name="dbg_s_axi_awaddr[23]"/>
        <net name="dbg_s_axi_awaddr[22]"/>
        <net name="dbg_s_axi_awaddr[21]"/>
        <net name="dbg_s_axi_awaddr[20]"/>
        <net name="dbg_s_axi_awaddr[19]"/>
        <net name="dbg_s_axi_awaddr[18]"/>
        <net name="dbg_s_axi_awaddr[17]"/>
        <net name="dbg_s_axi_awaddr[16]"/>
        <net name="dbg_s_axi_awaddr[15]"/>
        <net name="dbg_s_axi_awaddr[14]"/>
        <net name="dbg_s_axi_awaddr[13]"/>
        <net name="dbg_s_axi_awaddr[12]"/>
        <net name="dbg_s_axi_awaddr[11]"/>
        <net name="dbg_s_axi_awaddr[10]"/>
        <net name="dbg_s_axi_awaddr[9]"/>
        <net name="dbg_s_axi_awaddr[8]"/>
        <net name="dbg_s_axi_awaddr[7]"/>
        <net name="dbg_s_axi_awaddr[6]"/>
        <net name="dbg_s_axi_awaddr[5]"/>
        <net name="dbg_s_axi_awaddr[4]"/>
        <net name="dbg_s_axi_awaddr[3]"/>
        <net name="dbg_s_axi_awaddr[2]"/>
        <net name="dbg_s_axi_awaddr[1]"/>
        <net name="dbg_s_axi_awaddr[0]"/>
      </nets>
    </probe>
    <probe type="ila" busType="net" source="netlist" spec="ILA_V2_RT">
      <probeOptions Id="DebugProbeParams">
        <Option Id="CAPTURE_COMPARE_VALUE" value="eq1&apos;bX"/>
        <Option Id="COMPARE_VALUE.0" value="eq1&apos;bX"/>
        <Option Id="DISPLAY_AS_ENUM" value="1"/>
        <Option Id="DISPLAY_HINT" value=""/>
        <Option Id="DISPLAY_RADIX" value="HEX"/>
        <Option Id="DISPLAY_VISIBILITY" value=""/>
        <Option Id="HW_ILA" value="hw_ila_1"/>
        <Option Id="LINK_TO_WAVEFORM" value="1"/>
        <Option Id="MAP" value="probe11[0]"/>
        <Option Id="NAME.CUSTOM" value=""/>
        <Option Id="NAME.SELECT" value="Long"/>
        <Option Id="SOURCE" value="netlist"/>
        <Option Id="TRIGGER_COMPARE_VALUE" value="eq1&apos;bX"/>
        <Option Id="WAVEFORM_STYLE" value="Digital"/>
      </probeOptions>
      <nets>
        <net name="dbg_s_axi_awready"/>
      </nets>
    </probe>
    <probe type="ila" busType="net" source="netlist" spec="ILA_V2_RT">
      <probeOptions Id="DebugProbeParams">
        <Option Id="CAPTURE_COMPARE_VALUE" value="eq1&apos;bX"/>
        <Option Id="COMPARE_VALUE.0" value="eq1&apos;bX"/>
        <Option Id="DISPLAY_AS_ENUM" value="1"/>
        <Option Id="DISPLAY_HINT" value=""/>
        <Option Id="DISPLAY_RADIX" value="HEX"/>
        <Option Id="DISPLAY_VISIBILITY" value=""/>
        <Option Id="HW_ILA" value="hw_ila_1"/>
        <Option Id="LINK_TO_WAVEFORM" value="1"/>
        <Option Id="MAP" value="probe12[0]"/>
        <Option Id="NAME.CUSTOM" value=""/>
        <Option Id="NAME.SELECT" value="Long"/>
        <Option Id="SOURCE" value="netlist"/>
        <Option Id="TRIGGER_COMPARE_VALUE" value="eq1&apos;bX"/>
        <Option Id="WAVEFORM_STYLE" value="Digital"/>
      </probeOptions>
      <nets>
        <net name="dbg_s_axi_awvalid"/>
      </nets>
    </probe>
    <probe type="ila" busType="net" source="netlist" spec="ILA_V2_RT">
      <probeOptions Id="DebugProbeParams">
        <Option Id="CAPTURE_COMPARE_VALUE" value="eq16&apos;hXXXX"/>
        <Option Id="COMPARE_VALUE.0" value="eq16&apos;hXXXX"/>
        <Option Id="DISPLAY_AS_ENUM" value="1"/>
        <Option Id="DISPLAY_HINT" value=""/>
        <Option Id="DISPLAY_RADIX" value="HEX"/>
        <Option Id="DISPLAY_VISIBILITY" value=""/>
        <Option Id="HW_ILA" value="hw_ila_1"/>
        <Option Id="LINK_TO_WAVEFORM" value="1"/>
        <Option Id="MAP" value="probe4[15:0]"/>
        <Option Id="NAME.CUSTOM" value=""/>
        <Option Id="NAME.SELECT" value="Long"/>
        <Option Id="SOURCE" value="netlist"/>
        <Option Id="TRIGGER_COMPARE_VALUE" value="eq16&apos;hXXXX"/>
        <Option Id="WAVEFORM_STYLE" value="Digital"/>
      </probeOptions>
      <nets>
        <net name="dbg_s_axi_rdata[15]"/>
        <net name="dbg_s_axi_rdata[14]"/>
        <net name="dbg_s_axi_rdata[13]"/>
        <net name="dbg_s_axi_rdata[12]"/>
        <net name="dbg_s_axi_rdata[11]"/>
        <net name="dbg_s_axi_rdata[10]"/>
        <net name="dbg_s_axi_rdata[9]"/>
        <net name="dbg_s_axi_rdata[8]"/>
        <net name="dbg_s_axi_rdata[7]"/>
        <net name="dbg_s_axi_rdata[6]"/>
        <net name="dbg_s_axi_rdata[5]"/>
        <net name="dbg_s_axi_rdata[4]"/>
        <net name="dbg_s_axi_rdata[3]"/>
        <net name="dbg_s_axi_rdata[2]"/>
        <net name="dbg_s_axi_rdata[1]"/>
        <net name="dbg_s_axi_rdata[0]"/>
      </nets>
    </probe>
    <probe type="ila" busType="net" source="netlist" spec="ILA_V2_RT">
      <probeOptions Id="DebugProbeParams">
        <Option Id="CAPTURE_COMPARE_VALUE" value="eq1&apos;bX"/>
        <Option Id="COMPARE_VALUE.0" value="eq1&apos;bX"/>
        <Option Id="DISPLAY_AS_ENUM" value="1"/>
        <Option Id="DISPLAY_HINT" value=""/>
        <Option Id="DISPLAY_RADIX" value="HEX"/>
        <Option Id="DISPLAY_VISIBILITY" value=""/>
        <Option Id="HW_ILA" value="hw_ila_1"/>
        <Option Id="LINK_TO_WAVEFORM" value="1"/>
        <Option Id="MAP" value="probe13[0]"/>
        <Option Id="NAME.CUSTOM" value=""/>
        <Option Id="NAME.SELECT" value="Long"/>
        <Option Id="SOURCE" value="netlist"/>
        <Option Id="TRIGGER_COMPARE_VALUE" value="eq1&apos;bX"/>
        <Option Id="WAVEFORM_STYLE" value="Digital"/>
      </probeOptions>
      <nets>
        <net name="dbg_s_axi_rlast"/>
      </nets>
    </probe>
    <probe type="ila" busType="net" source="netlist" spec="ILA_V2_RT">
      <probeOptions Id="DebugProbeParams">
        <Option Id="CAPTURE_COMPARE_VALUE" value="eq1&apos;bX"/>
        <Option Id="COMPARE_VALUE.0" value="eq1&apos;bX"/>
        <Option Id="DISPLAY_AS_ENUM" value="1"/>
        <Option Id="DISPLAY_HINT" value=""/>
        <Option Id="DISPLAY_RADIX" value="HEX"/>
        <Option Id="DISPLAY_VISIBILITY" value=""/>
        <Option Id="HW_ILA" value="hw_ila_1"/>
        <Option Id="LINK_TO_WAVEFORM" value="1"/>
        <Option Id="MAP" value="probe14[0]"/>
        <Option Id="NAME.CUSTOM" value=""/>
        <Option Id="NAME.SELECT" value="Long"/>
        <Option Id="SOURCE" value="netlist"/>
        <Option Id="TRIGGER_COMPARE_VALUE" value="eq1&apos;bX"/>
        <Option Id="WAVEFORM_STYLE" value="Digital"/>
      </probeOptions>
      <nets>
        <net name="dbg_s_axi_rready"/>
      </nets>
    </probe>
    <probe type="ila" busType="net" source="netlist" spec="ILA_V2_RT">
      <probeOptions Id="DebugProbeParams">
        <Option Id="CAPTURE_COMPARE_VALUE" value="eq1&apos;bX"/>
        <Option Id="COMPARE_VALUE.0" value="eq1&apos;bX"/>
        <Option Id="DISPLAY_AS_ENUM" value="1"/>
        <Option Id="DISPLAY_HINT" value=""/>
        <Option Id="DISPLAY_RADIX" value="HEX"/>
        <Option Id="DISPLAY_VISIBILITY" value=""/>
        <Option Id="HW_ILA" value="hw_ila_1"/>
        <Option Id="LINK_TO_WAVEFORM" value="1"/>
        <Option Id="MAP" value="probe15[0]"/>
        <Option Id="NAME.CUSTOM" value=""/>
        <Option Id="NAME.SELECT" value="Long"/>
        <Option Id="SOURCE" value="netlist"/>
        <Option Id="TRIGGER_COMPARE_VALUE" value="eq1&apos;bX"/>
        <Option Id="WAVEFORM_STYLE" value="Digital"/>
      </probeOptions>
      <nets>
        <net name="dbg_s_axi_rvalid"/>
      </nets>
    </probe>
    <probe type="ila" busType="net" source="netlist" spec="ILA_V2_RT">
      <probeOptions Id="DebugProbeParams">
        <Option Id="CAPTURE_COMPARE_VALUE" value="eq16&apos;hXXXX"/>
        <Option Id="COMPARE_VALUE.0" value="eq16&apos;hXXXX"/>
        <Option Id="DISPLAY_AS_ENUM" value="1"/>
        <Option Id="DISPLAY_HINT" value=""/>
        <Option Id="DISPLAY_RADIX" value="HEX"/>
        <Option Id="DISPLAY_VISIBILITY" value=""/>
        <Option Id="HW_ILA" value="hw_ila_1"/>
        <Option Id="LINK_TO_WAVEFORM" value="1"/>
        <Option Id="MAP" value="probe5[15:0]"/>
        <Option Id="NAME.CUSTOM" value=""/>
        <Option Id="NAME.SELECT" value="Long"/>
        <Option Id="SOURCE" value="netlist"/>
        <Option Id="TRIGGER_COMPARE_VALUE" value="eq16&apos;hXXXX"/>
        <Option Id="WAVEFORM_STYLE" value="Digital"/>
      </probeOptions>
      <nets>
        <net name="dbg_s_axi_wdata[15]"/>
        <net name="dbg_s_axi_wdata[14]"/>
        <net name="dbg_s_axi_wdata[13]"/>
        <net name="dbg_s_axi_wdata[12]"/>
        <net name="dbg_s_axi_wdata[11]"/>
        <net name="dbg_s_axi_wdata[10]"/>
        <net name="dbg_s_axi_wdata[9]"/>
        <net name="dbg_s_axi_wdata[8]"/>
        <net name="dbg_s_axi_wdata[7]"/>
        <net name="dbg_s_axi_wdata[6]"/>
        <net name="dbg_s_axi_wdata[5]"/>
        <net name="dbg_s_axi_wdata[4]"/>
        <net name="dbg_s_axi_wdata[3]"/>
        <net name="dbg_s_axi_wdata[2]"/>
        <net name="dbg_s_axi_wdata[1]"/>
        <net name="dbg_s_axi_wdata[0]"/>
      </nets>
    </probe>
    <probe type="ila" busType="net" source="netlist" spec="ILA_V2_RT">
      <probeOptions Id="DebugProbeParams">
        <Option Id="CAPTURE_COMPARE_VALUE" value="eq1&apos;bX"/>
        <Option Id="COMPARE_VALUE.0" value="eq1&apos;bX"/>
        <Option Id="DISPLAY_AS_ENUM" value="1"/>
        <Option Id="DISPLAY_HINT" value=""/>
        <Option Id="DISPLAY_RADIX" value="HEX"/>
        <Option Id="DISPLAY_VISIBILITY" value=""/>
        <Option Id="HW_ILA" value="hw_ila_1"/>
        <Option Id="LINK_TO_WAVEFORM" value="1"/>
        <Option Id="MAP" value="probe16[0]"/>
        <Option Id="NAME.CUSTOM" value=""/>
        <Option Id="NAME.SELECT" value="Long"/>
        <Option Id="SOURCE" value="netlist"/>
        <Option Id="TRIGGER_COMPARE_VALUE" value="eq1&apos;bX"/>
        <Option Id="WAVEFORM_STYLE" value="Digital"/>
      </probeOptions>
      <nets>
        <net name="dbg_s_axi_wlast"/>
      </nets>
    </probe>
    <probe type="ila" busType="net" source="netlist" spec="ILA_V2_RT">
      <probeOptions Id="DebugProbeParams">
        <Option Id="CAPTURE_COMPARE_VALUE" value="eq1&apos;bX"/>
        <Option Id="COMPARE_VALUE.0" value="eq1&apos;bX"/>
        <Option Id="DISPLAY_AS_ENUM" value="1"/>
        <Option Id="DISPLAY_HINT" value=""/>
        <Option Id="DISPLAY_RADIX" value="HEX"/>
        <Option Id="DISPLAY_VISIBILITY" value=""/>
        <Option Id="HW_ILA" value="hw_ila_1"/>
        <Option Id="LINK_TO_WAVEFORM" value="1"/>
        <Option Id="MAP" value="probe17[0]"/>
        <Option Id="NAME.CUSTOM" value=""/>
        <Option Id="NAME.SELECT" value="Long"/>
        <Option Id="SOURCE" value="netlist"/>
        <Option Id="TRIGGER_COMPARE_VALUE" value="eq1&apos;bX"/>
        <Option Id="WAVEFORM_STYLE" value="Digital"/>
      </probeOptions>
      <nets>
        <net name="dbg_s_axi_wready"/>
      </nets>
    </probe>
    <probe type="ila" busType="net" source="netlist" spec="ILA_V2_RT">
      <probeOptions Id="DebugProbeParams">
        <Option Id="CAPTURE_COMPARE_VALUE" value="eq1&apos;bX"/>
        <Option Id="COMPARE_VALUE.0" value="eq1&apos;bX"/>
        <Option Id="DISPLAY_AS_ENUM" value="1"/>
        <Option Id="DISPLAY_HINT" value=""/>
        <Option Id="DISPLAY_RADIX" value="HEX"/>
        <Option Id="DISPLAY_VISIBILITY" value=""/>
        <Option Id="HW_ILA" value="hw_ila_1"/>
        <Option Id="LINK_TO_WAVEFORM" value="1"/>
        <Option Id="MAP" value="probe18[0]"/>
        <Option Id="NAME.CUSTOM" value=""/>
        <Option Id="NAME.SELECT" value="Long"/>
        <Option Id="SOURCE" value="netlist"/>
        <Option Id="TRIGGER_COMPARE_VALUE" value="eq1&apos;bX"/>
        <Option Id="WAVEFORM_STYLE" value="Digital"/>
      </probeOptions>
      <nets>
        <net name="dbg_s_axi_wvalid"/>
      </nets>
    </probe>
    <probe type="ila" busType="net" source="netlist" spec="ILA_V2_RT">
      <probeOptions Id="DebugProbeParams">
        <Option Id="CAPTURE_COMPARE_VALUE" value="eq1&apos;bX"/>
        <Option Id="COMPARE_VALUE.0" value="eq1&apos;bX"/>
        <Option Id="DISPLAY_AS_ENUM" value="1"/>
        <Option Id="DISPLAY_HINT" value=""/>
        <Option Id="DISPLAY_RADIX" value="HEX"/>
        <Option Id="DISPLAY_VISIBILITY" value=""/>
        <Option Id="HW_ILA" value="hw_ila_1"/>
        <Option Id="LINK_TO_WAVEFORM" value="1"/>
        <Option Id="MAP" value="probe19[0]"/>
        <Option Id="NAME.CUSTOM" value=""/>
        <Option Id="NAME.SELECT" value="Long"/>
        <Option Id="SOURCE" value="netlist"/>
        <Option Id="TRIGGER_COMPARE_VALUE" value="eq1&apos;bX"/>
        <Option Id="WAVEFORM_STYLE" value="Digital"/>
      </probeOptions>
      <nets>
        <net name="dbg_sys_reset"/>
      </nets>
    </probe>
    <probe type="ila" busType="net" source="netlist" spec="ILA_V2_RT">
      <probeOptions Id="DebugProbeParams">
        <Option Id="CAPTURE_COMPARE_VALUE" value="eq1&apos;bX"/>
        <Option Id="COMPARE_VALUE.0" value="eq1&apos;bX"/>
        <Option Id="DISPLAY_AS_ENUM" value="1"/>
        <Option Id="DISPLAY_HINT" value=""/>
        <Option Id="DISPLAY_RADIX" value="HEX"/>
        <Option Id="DISPLAY_VISIBILITY" value=""/>
        <Option Id="HW_ILA" value="hw_ila_1"/>
        <Option Id="LINK_TO_WAVEFORM" value="1"/>
        <Option Id="MAP" value="probe1[0]"/>
        <Option Id="NAME.CUSTOM" value=""/>
        <Option Id="NAME.SELECT" value="Long"/>
        <Option Id="SOURCE" value="netlist"/>
        <Option Id="TRIGGER_COMPARE_VALUE" value="eq1&apos;bX"/>
        <Option Id="WAVEFORM_STYLE" value="Digital"/>
      </probeOptions>
      <nets>
        <net name="ov13850_top_i/camera_blk/csi_rx_4lane_0/inst/link/&lt;const0>"/>
      </nets>
    </probe>
    <probe type="ila" busType="net" source="netlist" spec="ILA_V2_RT">
      <probeOptions Id="DebugProbeParams">
        <Option Id="CAPTURE_COMPARE_VALUE" value="eq32&apos;hXXXX_XXXX"/>
        <Option Id="COMPARE_VALUE.0" value="eq32&apos;hB8B8_B8B8"/>
        <Option Id="DISPLAY_AS_ENUM" value="1"/>
        <Option Id="DISPLAY_HINT" value=""/>
        <Option Id="DISPLAY_RADIX" value="HEX"/>
        <Option Id="DISPLAY_VISIBILITY" value=""/>
        <Option Id="HW_ILA" value="hw_ila_1"/>
        <Option Id="LINK_TO_WAVEFORM" value="1"/>
        <Option Id="MAP" value="probe0[31:0]"/>
        <Option Id="NAME.CUSTOM" value=""/>
        <Option Id="NAME.SELECT" value="Long"/>
        <Option Id="SOURCE" value="netlist"/>
        <Option Id="TRIGGER_COMPARE_VALUE" value="eq32&apos;hB8B8_B8B8"/>
        <Option Id="WAVEFORM_STYLE" value="Digital"/>
      </probeOptions>
      <nets>
        <net name="ov13850_top_i/camera_blk/csi_rx_4lane_0/inst/link/deser_data[31]"/>
        <net name="ov13850_top_i/camera_blk/csi_rx_4lane_0/inst/link/deser_data[30]"/>
        <net name="ov13850_top_i/camera_blk/csi_rx_4lane_0/inst/link/deser_data[29]"/>
        <net name="ov13850_top_i/camera_blk/csi_rx_4lane_0/inst/link/deser_data[28]"/>
        <net name="ov13850_top_i/camera_blk/csi_rx_4lane_0/inst/link/deser_data[27]"/>
        <net name="ov13850_top_i/camera_blk/csi_rx_4lane_0/inst/link/deser_data[26]"/>
        <net name="ov13850_top_i/camera_blk/csi_rx_4lane_0/inst/link/deser_data[25]"/>
        <net name="ov13850_top_i/camera_blk/csi_rx_4lane_0/inst/link/deser_data[24]"/>
        <net name="ov13850_top_i/camera_blk/csi_rx_4lane_0/inst/link/deser_data[23]"/>
        <net name="ov13850_top_i/camera_blk/csi_rx_4lane_0/inst/link/deser_data[22]"/>
        <net name="ov13850_top_i/camera_blk/csi_rx_4lane_0/inst/link/deser_data[21]"/>
        <net name="ov13850_top_i/camera_blk/csi_rx_4lane_0/inst/link/deser_data[20]"/>
        <net name="ov13850_top_i/camera_blk/csi_rx_4lane_0/inst/link/deser_data[19]"/>
        <net name="ov13850_top_i/camera_blk/csi_rx_4lane_0/inst/link/deser_data[18]"/>
        <net name="ov13850_top_i/camera_blk/csi_rx_4lane_0/inst/link/deser_data[17]"/>
        <net name="ov13850_top_i/camera_blk/csi_rx_4lane_0/inst/link/deser_data[16]"/>
        <net name="ov13850_top_i/camera_blk/csi_rx_4lane_0/inst/link/deser_data[15]"/>
        <net name="ov13850_top_i/camera_blk/csi_rx_4lane_0/inst/link/deser_data[14]"/>
        <net name="ov13850_top_i/camera_blk/csi_rx_4lane_0/inst/link/deser_data[13]"/>
        <net name="ov13850_top_i/camera_blk/csi_rx_4lane_0/inst/link/deser_data[12]"/>
        <net name="ov13850_top_i/camera_blk/csi_rx_4lane_0/inst/link/deser_data[11]"/>
        <net name="ov13850_top_i/camera_blk/csi_rx_4lane_0/inst/link/deser_data[10]"/>
        <net name="ov13850_top_i/camera_blk/csi_rx_4lane_0/inst/link/deser_data[9]"/>
        <net name="ov13850_top_i/camera_blk/csi_rx_4lane_0/inst/link/deser_data[8]"/>
        <net name="ov13850_top_i/camera_blk/csi_rx_4lane_0/inst/link/deser_data[7]"/>
        <net name="ov13850_top_i/camera_blk/csi_rx_4lane_0/inst/link/deser_data[6]"/>
        <net name="ov13850_top_i/camera_blk/csi_rx_4lane_0/inst/link/deser_data[5]"/>
        <net name="ov13850_top_i/camera_blk/csi_rx_4lane_0/inst/link/deser_data[4]"/>
        <net name="ov13850_top_i/camera_blk/csi_rx_4lane_0/inst/link/deser_data[3]"/>
        <net name="ov13850_top_i/camera_blk/csi_rx_4lane_0/inst/link/deser_data[2]"/>
        <net name="ov13850_top_i/camera_blk/csi_rx_4lane_0/inst/link/deser_data[1]"/>
        <net name="ov13850_top_i/camera_blk/csi_rx_4lane_0/inst/link/deser_data[0]"/>
      </nets>
    </probe>
    <probe type="ila" busType="net" source="netlist" spec="ILA_V2_RT">
      <probeOptions Id="DebugProbeParams">
        <Option Id="CAPTURE_COMPARE_VALUE" value="eq32&apos;hXXXX_XXXX"/>
        <Option Id="COMPARE_VALUE.0" value="eq32&apos;hXXXX_XXXX"/>
        <Option Id="DISPLAY_AS_ENUM" value="1"/>
        <Option Id="DISPLAY_HINT" value=""/>
        <Option Id="DISPLAY_RADIX" value="HEX"/>
        <Option Id="DISPLAY_VISIBILITY" value=""/>
        <Option Id="HW_ILA" value="hw_ila_1"/>
        <Option Id="LINK_TO_WAVEFORM" value="1"/>
        <Option Id="MAP" value="probe0[31:0]"/>
        <Option Id="NAME.CUSTOM" value=""/>
        <Option Id="NAME.SELECT" value="Long"/>
        <Option Id="SOURCE" value="netlist"/>
        <Option Id="TRIGGER_COMPARE_VALUE" value="eq32&apos;hXXXX_XXXX"/>
        <Option Id="WAVEFORM_STYLE" value="Digital"/>
      </probeOptions>
      <nets>
        <net name="ov13850_top_i/camera_blk/csi_rx_4lane_0/inst/link/word_data[31]"/>
        <net name="ov13850_top_i/camera_blk/csi_rx_4lane_0/inst/link/word_data[30]"/>
        <net name="ov13850_top_i/camera_blk/csi_rx_4lane_0/inst/link/word_data[29]"/>
        <net name="ov13850_top_i/camera_blk/csi_rx_4lane_0/inst/link/word_data[28]"/>
        <net name="ov13850_top_i/camera_blk/csi_rx_4lane_0/inst/link/word_data[27]"/>
        <net name="ov13850_top_i/camera_blk/csi_rx_4lane_0/inst/link/word_data[26]"/>
        <net name="ov13850_top_i/camera_blk/csi_rx_4lane_0/inst/link/word_data[25]"/>
        <net name="ov13850_top_i/camera_blk/csi_rx_4lane_0/inst/link/word_data[24]"/>
        <net name="ov13850_top_i/camera_blk/csi_rx_4lane_0/inst/link/word_data[23]"/>
        <net name="ov13850_top_i/camera_blk/csi_rx_4lane_0/inst/link/word_data[22]"/>
        <net name="ov13850_top_i/camera_blk/csi_rx_4lane_0/inst/link/word_data[21]"/>
        <net name="ov13850_top_i/camera_blk/csi_rx_4lane_0/inst/link/word_data[20]"/>
        <net name="ov13850_top_i/camera_blk/csi_rx_4lane_0/inst/link/word_data[19]"/>
        <net name="ov13850_top_i/camera_blk/csi_rx_4lane_0/inst/link/word_data[18]"/>
        <net name="ov13850_top_i/camera_blk/csi_rx_4lane_0/inst/link/word_data[17]"/>
        <net name="ov13850_top_i/camera_blk/csi_rx_4lane_0/inst/link/word_data[16]"/>
        <net name="ov13850_top_i/camera_blk/csi_rx_4lane_0/inst/link/word_data[15]"/>
        <net name="ov13850_top_i/camera_blk/csi_rx_4lane_0/inst/link/word_data[14]"/>
        <net name="ov13850_top_i/camera_blk/csi_rx_4lane_0/inst/link/word_data[13]"/>
        <net name="ov13850_top_i/camera_blk/csi_rx_4lane_0/inst/link/word_data[12]"/>
        <net name="ov13850_top_i/camera_blk/csi_rx_4lane_0/inst/link/word_data[11]"/>
        <net name="ov13850_top_i/camera_blk/csi_rx_4lane_0/inst/link/word_data[10]"/>
        <net name="ov13850_top_i/camera_blk/csi_rx_4lane_0/inst/link/word_data[9]"/>
        <net name="ov13850_top_i/camera_blk/csi_rx_4lane_0/inst/link/word_data[8]"/>
        <net name="ov13850_top_i/camera_blk/csi_rx_4lane_0/inst/link/word_data[7]"/>
        <net name="ov13850_top_i/camera_blk/csi_rx_4lane_0/inst/link/word_data[6]"/>
        <net name="ov13850_top_i/camera_blk/csi_rx_4lane_0/inst/link/word_data[5]"/>
        <net name="ov13850_top_i/camera_blk/csi_rx_4lane_0/inst/link/word_data[4]"/>
        <net name="ov13850_top_i/camera_blk/csi_rx_4lane_0/inst/link/word_data[3]"/>
        <net name="ov13850_top_i/camera_blk/csi_rx_4lane_0/inst/link/word_data[2]"/>
        <net name="ov13850_top_i/camera_blk/csi_rx_4lane_0/inst/link/word_data[1]"/>
        <net name="ov13850_top_i/camera_blk/csi_rx_4lane_0/inst/link/word_data[0]"/>
      </nets>
    </probe>
    <probe type="ila" busType="net" source="netlist" spec="ILA_V2_RT">
      <probeOptions Id="DebugProbeParams">
        <Option Id="CAPTURE_COMPARE_VALUE" value="eq1&apos;bX"/>
        <Option Id="COMPARE_VALUE.0" value="eq1&apos;b1"/>
        <Option Id="DISPLAY_AS_ENUM" value="1"/>
        <Option Id="DISPLAY_HINT" value=""/>
        <Option Id="DISPLAY_RADIX" value="HEX"/>
        <Option Id="DISPLAY_VISIBILITY" value=""/>
        <Option Id="HW_ILA" value="hw_ila_1"/>
        <Option Id="LINK_TO_WAVEFORM" value="1"/>
        <Option Id="MAP" value="probe1[0]"/>
        <Option Id="NAME.CUSTOM" value=""/>
        <Option Id="NAME.SELECT" value="Long"/>
        <Option Id="SOURCE" value="netlist"/>
        <Option Id="TRIGGER_COMPARE_VALUE" value="eq1&apos;b1"/>
        <Option Id="WAVEFORM_STYLE" value="Digital"/>
      </probeOptions>
      <nets>
        <net name="ov13850_top_i/camera_blk/csi_rx_4lane_0/inst/link/word_valid"/>
      </nets>
    </probe>
    <probe type="ila" busType="net" source="netlist" spec="ILA_V2_RT">
      <probeOptions Id="DebugProbeParams">
        <Option Id="CAPTURE_COMPARE_VALUE" value="eq20&apos;hX_XXXX"/>
        <Option Id="COMPARE_VALUE.0" value="neq20&apos;h0_0000"/>
        <Option Id="DISPLAY_AS_ENUM" value="1"/>
        <Option Id="DISPLAY_HINT" value=""/>
        <Option Id="DISPLAY_RADIX" value="HEX"/>
        <Option Id="DISPLAY_VISIBILITY" value=""/>
        <Option Id="HW_ILA" value="hw_ila_1"/>
        <Option Id="LINK_TO_WAVEFORM" value="1"/>
        <Option Id="MAP" value="probe5[19:0]"/>
        <Option Id="NAME.CUSTOM" value=""/>
        <Option Id="NAME.SELECT" value="Long"/>
        <Option Id="SOURCE" value="netlist"/>
        <Option Id="TRIGGER_COMPARE_VALUE" value="neq20&apos;h0_0000"/>
        <Option Id="WAVEFORM_STYLE" value="Digital"/>
      </probeOptions>
      <nets>
        <net name="ov13850_top_i/camera_blk/csi_rx_4lane_0_video_data[19]"/>
        <net name="ov13850_top_i/camera_blk/csi_rx_4lane_0_video_data[18]"/>
        <net name="ov13850_top_i/camera_blk/csi_rx_4lane_0_video_data[17]"/>
        <net name="ov13850_top_i/camera_blk/csi_rx_4lane_0_video_data[16]"/>
        <net name="ov13850_top_i/camera_blk/csi_rx_4lane_0_video_data[15]"/>
        <net name="ov13850_top_i/camera_blk/csi_rx_4lane_0_video_data[14]"/>
        <net name="ov13850_top_i/camera_blk/csi_rx_4lane_0_video_data[13]"/>
        <net name="ov13850_top_i/camera_blk/csi_rx_4lane_0_video_data[12]"/>
        <net name="ov13850_top_i/camera_blk/csi_rx_4lane_0_video_data[11]"/>
        <net name="ov13850_top_i/camera_blk/csi_rx_4lane_0_video_data[10]"/>
        <net name="ov13850_top_i/camera_blk/csi_rx_4lane_0_video_data[9]"/>
        <net name="ov13850_top_i/camera_blk/csi_rx_4lane_0_video_data[8]"/>
        <net name="ov13850_top_i/camera_blk/csi_rx_4lane_0_video_data[7]"/>
        <net name="ov13850_top_i/camera_blk/csi_rx_4lane_0_video_data[6]"/>
        <net name="ov13850_top_i/camera_blk/csi_rx_4lane_0_video_data[5]"/>
        <net name="ov13850_top_i/camera_blk/csi_rx_4lane_0_video_data[4]"/>
        <net name="ov13850_top_i/camera_blk/csi_rx_4lane_0_video_data[3]"/>
        <net name="ov13850_top_i/camera_blk/csi_rx_4lane_0_video_data[2]"/>
        <net name="ov13850_top_i/camera_blk/csi_rx_4lane_0_video_data[1]"/>
        <net name="ov13850_top_i/camera_blk/csi_rx_4lane_0_video_data[0]"/>
      </nets>
    </probe>
    <probe type="ila" busType="net" source="netlist" spec="ILA_V2_RT">
      <probeOptions Id="DebugProbeParams">
        <Option Id="CAPTURE_COMPARE_VALUE" value="eq1&apos;bX"/>
        <Option Id="COMPARE_VALUE.0" value="eq1&apos;bX"/>
        <Option Id="DISPLAY_AS_ENUM" value="1"/>
        <Option Id="DISPLAY_HINT" value=""/>
        <Option Id="DISPLAY_RADIX" value="HEX"/>
        <Option Id="DISPLAY_VISIBILITY" value=""/>
        <Option Id="HW_ILA" value="hw_ila_1"/>
        <Option Id="LINK_TO_WAVEFORM" value="1"/>
        <Option Id="MAP" value="probe2[0]"/>
        <Option Id="NAME.CUSTOM" value=""/>
        <Option Id="NAME.SELECT" value="Long"/>
        <Option Id="SOURCE" value="netlist"/>
        <Option Id="TRIGGER_COMPARE_VALUE" value="eq1&apos;bX"/>
        <Option Id="WAVEFORM_STYLE" value="Digital"/>
      </probeOptions>
      <nets>
        <net name="ov13850_top_i/camera_blk/csi_rx_4lane_0_video_den"/>
      </nets>
    </probe>
    <probe type="ila" busType="net" source="netlist" spec="ILA_V2_RT">
      <probeOptions Id="DebugProbeParams">
        <Option Id="CAPTURE_COMPARE_VALUE" value="eq1&apos;bX"/>
        <Option Id="COMPARE_VALUE.0" value="eq1&apos;bX"/>
        <Option Id="DISPLAY_AS_ENUM" value="1"/>
        <Option Id="DISPLAY_HINT" value=""/>
        <Option Id="DISPLAY_RADIX" value="HEX"/>
        <Option Id="DISPLAY_VISIBILITY" value=""/>
        <Option Id="HW_ILA" value="hw_ila_1"/>
        <Option Id="LINK_TO_WAVEFORM" value="1"/>
        <Option Id="MAP" value="probe0[0]"/>
        <Option Id="NAME.CUSTOM" value=""/>
        <Option Id="NAME.SELECT" value="Long"/>
        <Option Id="SOURCE" value="netlist"/>
        <Option Id="TRIGGER_COMPARE_VALUE" value="eq1&apos;bX"/>
        <Option Id="WAVEFORM_STYLE" value="Digital"/>
      </probeOptions>
      <nets>
        <net name="ov13850_top_i/camera_blk/csi_rx_4lane_0_video_hsync"/>
      </nets>
    </probe>
    <probe type="ila" busType="net" source="netlist" spec="ILA_V2_RT">
      <probeOptions Id="DebugProbeParams">
        <Option Id="CAPTURE_COMPARE_VALUE" value="eq1&apos;bX"/>
        <Option Id="COMPARE_VALUE.0" value="eq1&apos;bX"/>
        <Option Id="DISPLAY_AS_ENUM" value="1"/>
        <Option Id="DISPLAY_HINT" value=""/>
        <Option Id="DISPLAY_RADIX" value="HEX"/>
        <Option Id="DISPLAY_VISIBILITY" value=""/>
        <Option Id="HW_ILA" value="hw_ila_1"/>
        <Option Id="LINK_TO_WAVEFORM" value="1"/>
        <Option Id="MAP" value="probe3[0]"/>
        <Option Id="NAME.CUSTOM" value=""/>
        <Option Id="NAME.SELECT" value="Long"/>
        <Option Id="SOURCE" value="netlist"/>
        <Option Id="TRIGGER_COMPARE_VALUE" value="eq1&apos;bX"/>
        <Option Id="WAVEFORM_STYLE" value="Digital"/>
      </probeOptions>
      <nets>
        <net name="ov13850_top_i/camera_blk/csi_rx_4lane_0_video_line_start"/>
      </nets>
    </probe>
    <probe type="ila" busType="net" source="netlist" spec="ILA_V2_RT">
      <probeOptions Id="DebugProbeParams">
        <Option Id="CAPTURE_COMPARE_VALUE" value="eq1&apos;bX"/>
        <Option Id="COMPARE_VALUE.0" value="eq1&apos;bX"/>
        <Option Id="DISPLAY_AS_ENUM" value="1"/>
        <Option Id="DISPLAY_HINT" value=""/>
        <Option Id="DISPLAY_RADIX" value="HEX"/>
        <Option Id="DISPLAY_VISIBILITY" value=""/>
        <Option Id="HW_ILA" value="hw_ila_1"/>
        <Option Id="LINK_TO_WAVEFORM" value="1"/>
        <Option Id="MAP" value="probe4[0]"/>
        <Option Id="NAME.CUSTOM" value=""/>
        <Option Id="NAME.SELECT" value="Long"/>
        <Option Id="SOURCE" value="netlist"/>
        <Option Id="TRIGGER_COMPARE_VALUE" value="eq1&apos;bX"/>
        <Option Id="WAVEFORM_STYLE" value="Digital"/>
      </probeOptions>
      <nets>
        <net name="ov13850_top_i/camera_blk/csi_rx_4lane_0_video_odd_line"/>
      </nets>
    </probe>
    <probe type="ila" busType="net" source="netlist" spec="ILA_V2_RT">
      <probeOptions Id="DebugProbeParams">
        <Option Id="CAPTURE_COMPARE_VALUE" value="eq1&apos;bX"/>
        <Option Id="COMPARE_VALUE.0" value="eq1&apos;bX"/>
        <Option Id="DISPLAY_AS_ENUM" value="1"/>
        <Option Id="DISPLAY_HINT" value=""/>
        <Option Id="DISPLAY_RADIX" value="HEX"/>
        <Option Id="DISPLAY_VISIBILITY" value=""/>
        <Option Id="HW_ILA" value="hw_ila_1"/>
        <Option Id="LINK_TO_WAVEFORM" value="1"/>
        <Option Id="MAP" value="probe1[0]"/>
        <Option Id="NAME.CUSTOM" value=""/>
        <Option Id="NAME.SELECT" value="Long"/>
        <Option Id="SOURCE" value="netlist"/>
        <Option Id="TRIGGER_COMPARE_VALUE" value="eq1&apos;bX"/>
        <Option Id="WAVEFORM_STYLE" value="Digital"/>
      </probeOptions>
      <nets>
        <net name="ov13850_top_i/camera_blk/csi_rx_4lane_0_video_vsync"/>
      </nets>
    </probe>
    <probe type="ila" busType="bus" source="netlist" spec="ILA_V2_RT">
      <probeOptions Id="DebugProbeParams">
        <Option Id="CAPTURE_COMPARE_VALUE" value="eq16&apos;hXXXX"/>
        <Option Id="COMPARE_VALUE.0" value="eq16&apos;hXXXX"/>
        <Option Id="DISPLAY_AS_ENUM" value="1"/>
        <Option Id="DISPLAY_HINT" value=""/>
        <Option Id="DISPLAY_RADIX" value="UNSIGNED"/>
        <Option Id="DISPLAY_VISIBILITY" value=""/>
        <Option Id="HW_ILA" value="hw_ila_1"/>
        <Option Id="LINK_TO_WAVEFORM" value="1"/>
        <Option Id="MAP" value="probe2[15:0]"/>
        <Option Id="NAME.CUSTOM" value=""/>
        <Option Id="NAME.SELECT" value="Long"/>
        <Option Id="SOURCE" value="netlist"/>
        <Option Id="TRIGGER_COMPARE_VALUE" value="eq16&apos;hXXXX"/>
        <Option Id="WAVEFORM_STYLE" value="Digital"/>
      </probeOptions>
      <nets>
        <net name="ov4689_top_i/camera_blk/csi_rx_4lane_0/inst/link/debug_cam/line_cnt[15]"/>
        <net name="ov4689_top_i/camera_blk/csi_rx_4lane_0/inst/link/debug_cam/line_cnt[14]"/>
        <net name="ov4689_top_i/camera_blk/csi_rx_4lane_0/inst/link/debug_cam/line_cnt[13]"/>
        <net name="ov4689_top_i/camera_blk/csi_rx_4lane_0/inst/link/debug_cam/line_cnt[12]"/>
        <net name="ov4689_top_i/camera_blk/csi_rx_4lane_0/inst/link/debug_cam/line_cnt[11]"/>
        <net name="ov4689_top_i/camera_blk/csi_rx_4lane_0/inst/link/debug_cam/line_cnt[10]"/>
        <net name="ov4689_top_i/camera_blk/csi_rx_4lane_0/inst/link/debug_cam/line_cnt[9]"/>
        <net name="ov4689_top_i/camera_blk/csi_rx_4lane_0/inst/link/debug_cam/line_cnt[8]"/>
        <net name="ov4689_top_i/camera_blk/csi_rx_4lane_0/inst/link/debug_cam/line_cnt[7]"/>
        <net name="ov4689_top_i/camera_blk/csi_rx_4lane_0/inst/link/debug_cam/line_cnt[6]"/>
        <net name="ov4689_top_i/camera_blk/csi_rx_4lane_0/inst/link/debug_cam/line_cnt[5]"/>
        <net name="ov4689_top_i/camera_blk/csi_rx_4lane_0/inst/link/debug_cam/line_cnt[4]"/>
        <net name="ov4689_top_i/camera_blk/csi_rx_4lane_0/inst/link/debug_cam/line_cnt[3]"/>
        <net name="ov4689_top_i/camera_blk/csi_rx_4lane_0/inst/link/debug_cam/line_cnt[2]"/>
        <net name="ov4689_top_i/camera_blk/csi_rx_4lane_0/inst/link/debug_cam/line_cnt[1]"/>
        <net name="ov4689_top_i/camera_blk/csi_rx_4lane_0/inst/link/debug_cam/line_cnt[0]"/>
      </nets>
    </probe>
    <probe type="ila" busType="net" source="netlist" spec="ILA_V2_RT">
      <probeOptions Id="DebugProbeParams">
        <Option Id="CAPTURE_COMPARE_VALUE" value="eq1&apos;bX"/>
        <Option Id="COMPARE_VALUE.0" value="eq1&apos;bR"/>
        <Option Id="DISPLAY_AS_ENUM" value="1"/>
        <Option Id="DISPLAY_HINT" value=""/>
        <Option Id="DISPLAY_RADIX" value="HEX"/>
        <Option Id="DISPLAY_VISIBILITY" value=""/>
        <Option Id="HW_ILA" value="hw_ila_1"/>
        <Option Id="LINK_TO_WAVEFORM" value="1"/>
        <Option Id="MAP" value="probe1[0]"/>
        <Option Id="NAME.CUSTOM" value=""/>
        <Option Id="NAME.SELECT" value="Long"/>
        <Option Id="SOURCE" value="netlist"/>
        <Option Id="TRIGGER_COMPARE_VALUE" value="eq1&apos;bR"/>
        <Option Id="WAVEFORM_STYLE" value="Digital"/>
      </probeOptions>
      <nets>
        <net name="ov4689_top_i/camera_blk/csi_rx_4lane_0/inst/link/debug_cam/valid"/>
      </nets>
    </probe>
    <probe type="ila" busType="bus" source="netlist" spec="ILA_V2_RT">
      <probeOptions Id="DebugProbeParams">
        <Option Id="CAPTURE_COMPARE_VALUE" value="eq32&apos;hXXXX_XXXX"/>
        <Option Id="COMPARE_VALUE.0" value="eq32&apos;hXXXX_XX01"/>
        <Option Id="DISPLAY_AS_ENUM" value="1"/>
        <Option Id="DISPLAY_HINT" value=""/>
        <Option Id="DISPLAY_RADIX" value="HEX"/>
        <Option Id="DISPLAY_VISIBILITY" value=""/>
        <Option Id="HW_ILA" value="hw_ila_1"/>
        <Option Id="LINK_TO_WAVEFORM" value="1"/>
        <Option Id="MAP" value="probe0[31:0]"/>
        <Option Id="NAME.CUSTOM" value=""/>
        <Option Id="NAME.SELECT" value="Long"/>
        <Option Id="SOURCE" value="netlist"/>
        <Option Id="TRIGGER_COMPARE_VALUE" value="eq32&apos;hXXXX_XX01"/>
        <Option Id="WAVEFORM_STYLE" value="Digital"/>
      </probeOptions>
      <nets>
        <net name="ov4689_top_i/camera_blk/csi_rx_4lane_0/inst/link/debug_cam/word[31]"/>
        <net name="ov4689_top_i/camera_blk/csi_rx_4lane_0/inst/link/debug_cam/word[30]"/>
        <net name="ov4689_top_i/camera_blk/csi_rx_4lane_0/inst/link/debug_cam/word[29]"/>
        <net name="ov4689_top_i/camera_blk/csi_rx_4lane_0/inst/link/debug_cam/word[28]"/>
        <net name="ov4689_top_i/camera_blk/csi_rx_4lane_0/inst/link/debug_cam/word[27]"/>
        <net name="ov4689_top_i/camera_blk/csi_rx_4lane_0/inst/link/debug_cam/word[26]"/>
        <net name="ov4689_top_i/camera_blk/csi_rx_4lane_0/inst/link/debug_cam/word[25]"/>
        <net name="ov4689_top_i/camera_blk/csi_rx_4lane_0/inst/link/debug_cam/word[24]"/>
        <net name="ov4689_top_i/camera_blk/csi_rx_4lane_0/inst/link/debug_cam/word[23]"/>
        <net name="ov4689_top_i/camera_blk/csi_rx_4lane_0/inst/link/debug_cam/word[22]"/>
        <net name="ov4689_top_i/camera_blk/csi_rx_4lane_0/inst/link/debug_cam/word[21]"/>
        <net name="ov4689_top_i/camera_blk/csi_rx_4lane_0/inst/link/debug_cam/word[20]"/>
        <net name="ov4689_top_i/camera_blk/csi_rx_4lane_0/inst/link/debug_cam/word[19]"/>
        <net name="ov4689_top_i/camera_blk/csi_rx_4lane_0/inst/link/debug_cam/word[18]"/>
        <net name="ov4689_top_i/camera_blk/csi_rx_4lane_0/inst/link/debug_cam/word[17]"/>
        <net name="ov4689_top_i/camera_blk/csi_rx_4lane_0/inst/link/debug_cam/word[16]"/>
        <net name="ov4689_top_i/camera_blk/csi_rx_4lane_0/inst/link/debug_cam/word[15]"/>
        <net name="ov4689_top_i/camera_blk/csi_rx_4lane_0/inst/link/debug_cam/word[14]"/>
        <net name="ov4689_top_i/camera_blk/csi_rx_4lane_0/inst/link/debug_cam/word[13]"/>
        <net name="ov4689_top_i/camera_blk/csi_rx_4lane_0/inst/link/debug_cam/word[12]"/>
        <net name="ov4689_top_i/camera_blk/csi_rx_4lane_0/inst/link/debug_cam/word[11]"/>
        <net name="ov4689_top_i/camera_blk/csi_rx_4lane_0/inst/link/debug_cam/word[10]"/>
        <net name="ov4689_top_i/camera_blk/csi_rx_4lane_0/inst/link/debug_cam/word[9]"/>
        <net name="ov4689_top_i/camera_blk/csi_rx_4lane_0/inst/link/debug_cam/word[8]"/>
        <net name="ov4689_top_i/camera_blk/csi_rx_4lane_0/inst/link/debug_cam/word[7]"/>
        <net name="ov4689_top_i/camera_blk/csi_rx_4lane_0/inst/link/debug_cam/word[6]"/>
        <net name="ov4689_top_i/camera_blk/csi_rx_4lane_0/inst/link/debug_cam/word[5]"/>
        <net name="ov4689_top_i/camera_blk/csi_rx_4lane_0/inst/link/debug_cam/word[4]"/>
        <net name="ov4689_top_i/camera_blk/csi_rx_4lane_0/inst/link/debug_cam/word[3]"/>
        <net name="ov4689_top_i/camera_blk/csi_rx_4lane_0/inst/link/debug_cam/word[2]"/>
        <net name="ov4689_top_i/camera_blk/csi_rx_4lane_0/inst/link/debug_cam/word[1]"/>
        <net name="ov4689_top_i/camera_blk/csi_rx_4lane_0/inst/link/debug_cam/word[0]"/>
      </nets>
    </probe>
    <probe type="ila" busType="net" source="netlist" spec="ILA_V2_RT">
      <probeOptions Id="DebugProbeParams">
        <Option Id="CAPTURE_COMPARE_VALUE" value="eq32&apos;hXXXX_XXXX"/>
        <Option Id="COMPARE_VALUE.0" value="eq32&apos;hXXXX_XXXX"/>
        <Option Id="DISPLAY_AS_ENUM" value="1"/>
        <Option Id="DISPLAY_HINT" value=""/>
        <Option Id="DISPLAY_RADIX" value="HEX"/>
        <Option Id="DISPLAY_VISIBILITY" value=""/>
        <Option Id="HW_ILA" value="hw_ila_1"/>
        <Option Id="LINK_TO_WAVEFORM" value="1"/>
        <Option Id="MAP" value="probe0[31:0]"/>
        <Option Id="NAME.CUSTOM" value=""/>
        <Option Id="NAME.SELECT" value="Long"/>
        <Option Id="SOURCE" value="netlist"/>
        <Option Id="TRIGGER_COMPARE_VALUE" value="eq32&apos;hXXXX_XXXX"/>
        <Option Id="WAVEFORM_STYLE" value="Digital"/>
      </probeOptions>
      <nets>
        <net name="ov4689_top_i/camera_blk/csi_rx_4lane_0/inst/link/word_data[31]"/>
        <net name="ov4689_top_i/camera_blk/csi_rx_4lane_0/inst/link/word_data[30]"/>
        <net name="ov4689_top_i/camera_blk/csi_rx_4lane_0/inst/link/word_data[29]"/>
        <net name="ov4689_top_i/camera_blk/csi_rx_4lane_0/inst/link/word_data[28]"/>
        <net name="ov4689_top_i/camera_blk/csi_rx_4lane_0/inst/link/word_data[27]"/>
        <net name="ov4689_top_i/camera_blk/csi_rx_4lane_0/inst/link/word_data[26]"/>
        <net name="ov4689_top_i/camera_blk/csi_rx_4lane_0/inst/link/word_data[25]"/>
        <net name="ov4689_top_i/camera_blk/csi_rx_4lane_0/inst/link/word_data[24]"/>
        <net name="ov4689_top_i/camera_blk/csi_rx_4lane_0/inst/link/word_data[23]"/>
        <net name="ov4689_top_i/camera_blk/csi_rx_4lane_0/inst/link/word_data[22]"/>
        <net name="ov4689_top_i/camera_blk/csi_rx_4lane_0/inst/link/word_data[21]"/>
        <net name="ov4689_top_i/camera_blk/csi_rx_4lane_0/inst/link/word_data[20]"/>
        <net name="ov4689_top_i/camera_blk/csi_rx_4lane_0/inst/link/word_data[19]"/>
        <net name="ov4689_top_i/camera_blk/csi_rx_4lane_0/inst/link/word_data[18]"/>
        <net name="ov4689_top_i/camera_blk/csi_rx_4lane_0/inst/link/word_data[17]"/>
        <net name="ov4689_top_i/camera_blk/csi_rx_4lane_0/inst/link/word_data[16]"/>
        <net name="ov4689_top_i/camera_blk/csi_rx_4lane_0/inst/link/word_data[15]"/>
        <net name="ov4689_top_i/camera_blk/csi_rx_4lane_0/inst/link/word_data[14]"/>
        <net name="ov4689_top_i/camera_blk/csi_rx_4lane_0/inst/link/word_data[13]"/>
        <net name="ov4689_top_i/camera_blk/csi_rx_4lane_0/inst/link/word_data[12]"/>
        <net name="ov4689_top_i/camera_blk/csi_rx_4lane_0/inst/link/word_data[11]"/>
        <net name="ov4689_top_i/camera_blk/csi_rx_4lane_0/inst/link/word_data[10]"/>
        <net name="ov4689_top_i/camera_blk/csi_rx_4lane_0/inst/link/word_data[9]"/>
        <net name="ov4689_top_i/camera_blk/csi_rx_4lane_0/inst/link/word_data[8]"/>
        <net name="ov4689_top_i/camera_blk/csi_rx_4lane_0/inst/link/word_data[7]"/>
        <net name="ov4689_top_i/camera_blk/csi_rx_4lane_0/inst/link/word_data[6]"/>
        <net name="ov4689_top_i/camera_blk/csi_rx_4lane_0/inst/link/word_data[5]"/>
        <net name="ov4689_top_i/camera_blk/csi_rx_4lane_0/inst/link/word_data[4]"/>
        <net name="ov4689_top_i/camera_blk/csi_rx_4lane_0/inst/link/word_data[3]"/>
        <net name="ov4689_top_i/camera_blk/csi_rx_4lane_0/inst/link/word_data[2]"/>
        <net name="ov4689_top_i/camera_blk/csi_rx_4lane_0/inst/link/word_data[1]"/>
        <net name="ov4689_top_i/camera_blk/csi_rx_4lane_0/inst/link/word_data[0]"/>
      </nets>
    </probe>
    <probe type="ila" busType="net" source="netlist" spec="ILA_V2_RT">
      <probeOptions Id="DebugProbeParams">
        <Option Id="CAPTURE_COMPARE_VALUE" value="eq1&apos;bX"/>
        <Option Id="COMPARE_VALUE.0" value="eq1&apos;bR"/>
        <Option Id="DISPLAY_AS_ENUM" value="1"/>
        <Option Id="DISPLAY_HINT" value=""/>
        <Option Id="DISPLAY_RADIX" value="HEX"/>
        <Option Id="DISPLAY_VISIBILITY" value=""/>
        <Option Id="HW_ILA" value="hw_ila_1"/>
        <Option Id="LINK_TO_WAVEFORM" value="1"/>
        <Option Id="MAP" value="probe1[0]"/>
        <Option Id="NAME.CUSTOM" value=""/>
        <Option Id="NAME.SELECT" value="Long"/>
        <Option Id="SOURCE" value="netlist"/>
        <Option Id="TRIGGER_COMPARE_VALUE" value="eq1&apos;bR"/>
        <Option Id="WAVEFORM_STYLE" value="Digital"/>
      </probeOptions>
      <nets>
        <net name="ov4689_top_i/camera_blk/csi_rx_4lane_0/inst/link/word_valid"/>
      </nets>
    </probe>
  </probeset>
</hwsession>
